{"1":[{"ALB":"ALG"},{"SAA":"AND"},{"AGL":"AGI"},{"ATG":"UAE"},{"ARG":"ARM"},{"ARU":"AUS"},{"AUT":"AZE"},{"AZR":"BAH"},{"BHR":"BNG"},{"BRB":"BLR"}],"2":[{"BEL":"BLZ"},{"BEN":"BER"},{"BHU":"BOL"},{"BOS":"BOT"},{"BRA":"BRU"}],"3":[{"BUL":"BFS"},{"MMR":"BDI"},{"CBG":"CAM"},{"CAN":"ICA"},{"CAV":"CYM"}],"4":[{"CAF":"TCD"},{"JER":"CHL"},{"CHN":"CHR"},{"COL":"COM"},{"COG":"ZAI"}],"5":[{"COK":"CRI"},{"CRO":"CUB"},{"CYP":"TCH"},{"Rep":"DNK"},{"DJI":"DMA"}],"6":[{"DOM":"TIM"},{"ECU":"EGY"},{"GNE":"ERI"},{"EST":"ETH"},{"FLK":"FRO"}],"7":[{"FIJ":"FIN"},{"FRA":"GAB"},{"GAM":"GEO"},{"GER":"GHA"},{"GIB":"GBR"}],"8":[{"GRE":"GRL"},{"GRD":"GDL"},{"GUM":"GTM"},{"GIA":"GUI"},{"GNB":"GUY"}],"9":[{"HAI":"HAW"},{"HND":"HKG"},{"HUN":"ISL"},{"IND":"IDN"},{"IRQ":"IRN"}],"10":[{"IRL":"MAN"},{"Man":"ISR"},{"ITA":"CIV"},{"JAM":"JAP"},{"JOR":"KAZ"}],"11":[{"KEN":"KIR"},{"KOR":"KUW"},{"KGZ":"LAO"},{"LAT":"LIB"},{"LSO":"LBR"}],"12":[{"LBY":"LIE"},{"LIT":"LUX"},{"MAC":"MKD"},{"MAD":"MDR"},{"MWI":"MLS"}],"13":[{"MLD":"MLI"},{"MLT":"MRN"},{"MHL":"MTN"},{"MRT":"MRI"},{"MYT":"MEX"}],"14":[{"MIC":"MOL"},{"MCO":"MNG"},{"MSR":"MAR"},{"MOZ":"NAM"},{"NRU":"NEP"}],"15":[{"NED":"ATN"},{"NCL":"New"},{"NZL":"NIC"},{"NGR":"NIU"},{"NIG":"NFK"}],"16":[{"NOR":"OMA"},{"PAK":"PLW"},{"PAL":"PAN"},{"PNG":"PAR"},{"PER":"PHL"}],"17":[{"PIT":"POL"},{"PFR":"PRT"},{"PRI":"QAT"},{"REU":"ROM"},{"RUS":"RWA"}],"18":[{"SHE":"SKN"},{"SLU":"SPM"},{"VCT":"SLV"},{"SAM":"SMR"},{"San":"STP"}],"19":[{"Sao":"SAU"},{"SEN":"SEY"},{"SLE":"SGP"},{"SLO":"SVN"},{"SLM":"SOM"}],"20":[{"SAF":"ESP"},{"SRI":"Sri"},{"SDN":"SUR"},{"SWA":"SWE"},{"SUI":"SYR"}],"21":[{"TAI":"TJK"},{"TZA":"THA"},{"TOG":"TOK"},{"TON":"TRI"},{"TUN":"TUR"}],"22":[{"TKM":"TCA"},{"TUV":"UGA"},{"UKR":"URU"},{"USA":"UZB"},{"VAN":"VAT"}],"23":[{"VEN":"VTN"},{"Nam":"VRG"},{"VIR":"WAL"},{"SAH":"YEM"},{"YUG":"ZAM"}]}

